id,cat_obj_id
5svy0EhkF9zMrNOu65PHysIT1CgZY,QXCVMRPLR46NRMAN326LPQVY
35gVxVXkWdWou4DRJUXU6bffLGDZY,QXCVMRPLR46NRMAN326LPQVY
VUS3l0ra1oLrs1G9UcGKctmZbLNZY,QXCVMRPLR46NRMAN326LPQVY
FU6BBIb5lgNN4ezJo8YYVGBor0CZY,QU2JOEL4HG64KCTGLUSLFUK6
TtZ4vOJa0tKIRfUTDOPIVc9y8kSZY,M5XGQR3VGKXQRLU5PCI3KH3C
dk45czlbXWqudbAMaZ6MUQWaXMKZY,G3USA7KKSPWD7ZZ2I2RMQIYL
9M4fYq5tBgDKgDsWNPo7aTaUZOVZY,FLXOYUKIRKSDWCSER6VW7EQZ
LdHKfiwB6ulvjs8O9TPyMGxiKwLZY,FTJBGLEJPVXCOYXEAXKQSKGO
pwBwuzR6a1aogOoq7lEXjCQU07cZY,KDQB3MWNGFSIUKV73MFPB23U
tSPtZTkLngcNATT7s4IBWuJD00HZY,JTI4ZU3BYVZH6H6PG5OSZXTK
tIaVbIglQ6cQQiEhJvNcO4YTnM8YY,2IYY2QX24TC6RBEPX2SUAPQ5
Tnu0ns4hQwuqDnv2rCxKgCCrc0IZY,TBLXS4UXCCM5EGSF2MQYZBMX
nFujbtaz2XasF4wSujYEFezO9SYZY,TF5UT3ZMK7NSGJOKUDAKLWAP
VMQ0lBFaVsLhyeE5faUBt630qaXZY,U4BLLMIIX3FE7DDPLIJC7HNB
FE2H9jUaHPl1GjG4wfSD7duX9yXZY,6MQN53E2YNSEPBKNUN76EEUM
FWl2BWkhUhYLQ5jjr0XCAQ0jcZ6YY,TWHA4ZQG6RDQPM37KQOKNJR3
TZZXGvPwxKcoEp63C9jkdmnLrcCZY,PUBKVKND4O3SVUY53ZJQ3PG2
vZKxzKlebecfC6VwStCcal94E7NZY,PZYLG2NKPSOCJ44WQIJY4H4F
n3piYo4zqKg87GhQCzmvPyT2SJKZY,SC6M3XRTIL67JLEWKDXFCJPA
bxdeVgtAynj30jMlUkXof0bkTa7YY,BHBAFUZLXQE6UN3YQWQ7N2BM
X1MEPZf5RPFdpNchrqX8ffrwdjJZY,2B7UNGPRBRO5U4ILUAGCNJCC
ZQ5qGrKWeYNh5kQdmzQoe6QIPDIZY,DGLR4X3Y2NL2YAS7E6GWJGST
9eF5skqpFGQXpwU8BXiyEmIrt0FZY,I3INOQLN4BH6KZAWR5GXWBXT
hOYxTQsjjQk0usWYgstnTShfCXIZY,CG5QNM33NZZY443VFHHPIBDI
1U2TmHtyhS7ofSBNrDIsF7iSzVQZY,U665PPAIR3MAUH7F6RCO6344
Ze6b2Ydk5EbGoHcfO94la5Xj6RIZY,QXCVMRPLR46NRMAN326LPQVY
DDCz4bd18LJ9uAwim3T7hxUqXPYZY,ECDNBPB4QJL43VYTXWTORCG2
77QR7dfavLyvFlwVAToK2oDKZMHZY,BQDCW3DPAI5HA3C7D46JRIRX
5Ga5WZWmjKhlp13dMWliUMprdGLZY,MRUXXWTJ52EUOLY4BW6GVQHI
fzrzcEnH21ztJBK4nXndO9rsrMDZY,OWRMHAFQLTY7ISMRFAZ3RSWL
l61JloIa6CvQ2zAPYEhRzVv8fJHZY,QU2JOEL4HG64KCTGLUSLFUK6
t0sPNOWreRWiyGdV6DBQYRa7XT6YY,M5XGQR3VGKXQRLU5PCI3KH3C
HvD94WhpFXuTVJUWUqZfBhhoIqdZY,G3USA7KKSPWD7ZZ2I2RMQIYL
FSBZVhJ0ofQBoFYfKfPZZ96AV9CZY,FLXOYUKIRKSDWCSER6VW7EQZ
bx5Ul4kROEGa7ZdKOiN1ThQqVhKZY,FTJBGLEJPVXCOYXEAXKQSKGO
LxHz8VwHxFWbVJbwiMqMsXZD4yEZY,KDQB3MWNGFSIUKV73MFPB23U
v5wSqW6DAQO6gH6nKq9KUBkcVRdZY,JTI4ZU3BYVZH6H6PG5OSZXTK
rVbUMSg3coXM4SDxPpnnkIwU1kbZY,2IYY2QX24TC6RBEPX2SUAPQ5
F2jpjWFa3f8YMgnLDt3AtDVx9EHZY,TBLXS4UXCCM5EGSF2MQYZBMX
lOrpwxZotP9DmFusbAFOXFUl1lHZY,TF5UT3ZMK7NSGJOKUDAKLWAP
R6kiNVv10PkajQ4iJAx6ZHC9aGVZY,U4BLLMIIX3FE7DDPLIJC7HNB
BuYVTEs5Y0EBkyrdoIjFRZEb9d8YY,6MQN53E2YNSEPBKNUN76EEUM
jhRboUItQlC0Z8WYOG7icf3H3iAZY,TWHA4ZQG6RDQPM37KQOKNJR3
9kgtKj3oQ2rgLAWhtm45d4zTcuPZY,PUBKVKND4O3SVUY53ZJQ3PG2
hULTYSPPlluvqSD8S65VcMWk6WdZY,PZYLG2NKPSOCJ44WQIJY4H4F
v1aEMy3f33S6q3apwzZ8TsqjfxIZY,SC6M3XRTIL67JLEWKDXFCJPA
VcAUtIyjQvQNFZn46nbClRA2fAWZY,BHBAFUZLXQE6UN3YQWQ7N2BM
NAmDqrd2efSIbKnFhVDiclVKLIIZY,2B7UNGPRBRO5U4ILUAGCNJCC
Hv5AujLhnptL5vSspg6m5tBridXZY,DGLR4X3Y2NL2YAS7E6GWJGST
xIbAijtH0MRFI0YVJRBvS7uDsoLZY,I3INOQLN4BH6KZAWR5GXWBXT
bT4Zoq8gXJ0S6W3NSvDoVY8IITaZY,CG5QNM33NZZY443VFHHPIBDI
tefIuSlRVRZexYaqorz6TPgHW8fZY,U665PPAIR3MAUH7F6RCO6344
TD2R3soyMSnzllokgpH0BCAtouFZY,QXCVMRPLR46NRMAN326LPQVY
